Data1,Data2,Data3,Data4,PDR,time,TotalTime(ms),Throughput(kbp)
QBXq3gAAAAABXxWWztt8OmxEFLwWWlFiB3MtrQ==,QBXq3gAAAAABXxWWztt8OmxEFLwWWlFiB3MtrQ==,QBXq3gAAAAABXxWWztt8OmxEFLwWWlFiB3MtrQ==,QBXq3gAAAAABXxWWztt8OmxEFLwWWlFiB3MtrQ==,1.000000, 2022-04-10T18:55:15Z, 14705, 0.015233
QBXq3gAAAQABBUkniXK9HIokbbRsblMYdSB7hQ==,QBXq3gAAAQABBUkniXK9HIokbbRsblMYdSB7hQ==,QBXq3gAAAQABBUkniXK9HIokbbRsblMYdSB7hQ==,QBXq3gAAAQABBUkniXK9HIokbbRsblMYdSB7hQ==,1.000000, 2022-04-10T18:55:28Z, 27417, 0.016340
QBXq3gAAAgAB3K+Mk+wOXAQgN3MsXfBnkjL0MA==,QBXq3gAAAgAB3K+Mk+wOXAQgN3MsXfBnkjL0MA==,QBXq3gAAAgAB3K+Mk+wOXAQgN3MsXfBnkjL0MA==,QBXq3gAAAgAB3K+Mk+wOXAQgN3MsXfBnkjL0MA==,1.000000, 2022-04-10T18:55:41Z, 40038, 0.016784
QBXq3gAAAwAB3eFsREAqgm/7X4CXCttbjuhxGA==,QBXq3gAAAwAB3eFsREAqgm/7X4CXCttbjuhxGA==,QBXq3gAAAwAB3eFsREAqgm/7X4CXCttbjuhxGA==,QBXq3gAAAwAB3eFsREAqgm/7X4CXCttbjuhxGA==,1.000000, 2022-04-10T18:55:53Z, 52718, 0.016996
QBXq3gAABAABsgROlhZJHbMBAUhtWWsTsuPXdA==,QBXq3gAABAABsgROlhYBHbMiAUhtWWsTsuPXdA==,QBXq3gAABAABsgROlhZJHbMiAUhtWWsTAePXdA==,QBXq3gAABAABsgROlhZJHbMipEhtWQETsuPXdA==,1.000000, 2022-04-10T18:56:06Z, 65415, 0.017121
QBXq3gAABQABE/I4jZO9THyFHEKnebips0vGGQ==,QBXq3gAABQABE/I4jZO9THyFHEKnebips0vGGQ==,QBXq3gAABQABE/I4jZO9THyFHEKnebips0vGGQ==,QBXq3gAABQABE/I4jZO9THyFHEKnebips0vGGQ==,1.000000, 2022-04-10T18:56:19Z, 78069, 0.017216
QBXq3gAABgABVMNJJTl9QPoBAb4GeSSSBfr7Wg==,QBXq3gAABgABVMNJJTkBQPqKAb4GeSSSBfr7Wg==,QBXq3gAABgABVMNJJTl9QPqKAb4GeSSSAfr7Wg==,QBXq3gAABgABVMNJJTl9QPqKb74GeQGSBfr7Wg==,0.857143, 2022-04-10T18:56:32Z, 90947, 0.014778
QBXq3gAABwAB5OQ9879HguwJCfHg9KkBAKGMUg==,QBXq3gAABwAB5OQ9878JguzmCfHg9KkBAKGMUg==,QBXq3gAABwAB5OQ9879HguzmCfHg9KkBCaGMUg==,QBXq3gAABwAB5OQ9879Hguzm2PHg9AkBAKGMUg==,0.750000, 2022-04-10T18:56:44Z, 103615, 0.012971
QBXq3gAACAABtnEGYBSOZlQLC0PrXEJY0/5Czg==,QBXq3gAACAABtnEGYBQLZlRdC0PrXEJY0/5Czg==,QBXq3gAACAABtnEGYBSOZlRdC0PrXEJYC/5Czg==,QBXq3gAACAABtnEGYBSOZlRdzkPrXAtY0/5Czg==,0.777778, 2022-04-10T18:56:57Z, 116078, 0.013508
QBXq3gAACQABPBUfhF7JvgSSmnDo8QXV+MC0MQ==,QBXq3gAACQABPBUfhF7JvgSSmnDo8QXV+MC0MQ==,QBXq3gAACQABPBUfhF7JvgSSmnDo8QXV+MC0MQ==,QBXq3gAACQABPBUfhF7JvgSSmnDo8QXV+MC0MQ==,0.800000, 2022-04-10T18:57:09Z, 128742, 0.013919
QBXq3gAACgAB4J5MGLcM8IZxa9HrYNx4zhIZKg==,QBXq3gAACgAB4J5MGLcM8IZxa9HrYNx4zhIZKg==,QBXq3gAACgAB4J5MGLcM8IZxa9HrYNx4zhIZKg==,QBXq3gAACgAB4J5MGLcM8IZxa9HrYNx4zhIZKg==,0.818182, 2022-04-10T18:57:22Z, 141424, 0.014255
QBXq3gAACwABeiMIbZ4A4j8FBcJ0NMwB/n6ucg==,QBXq3gAACwABeiMIbZ4F4j9rBcJ0NMwB/n6ucg==,QBXq3gAACwABeiMIbZ4A4j9rBcJ0NMwBBX6ucg==,QBXq3gAACwABeiMIbZ4A4j9r98J0NAUB/n6ucg==,0.833333, 2022-04-10T18:57:35Z, 154155, 0.014531
QBXq3gAADAABPKsQO4Q7vVkFBWZFU8OQcmtdZA==,QBXq3gAADAABPKsQO4QFvVkXBWZFU8OQcmtdZA==,QBXq3gAADAABPKsQO4Q7vVkXBWZFU8OQBWtdZA==,QBXq3gAADAABPKsQO4Q7vVkXTGZFUwWQcmtdZA==,0.846154, 2022-04-10T18:57:48Z, 166793, 0.014773
QBXq3gAADQAB5bM7t6M2OWsODvXO3B2UDcVbbw==,QBXq3gAADQAB5bM7t6MOOWuZDvXO3B2UDcVbbw==,QBXq3gAADQAB5bM7t6M2OWuZDvXO3B2UDsVbbw==,QBXq3gAADQAB5bM7t6M2OWuZffXO3A6UDcVbbw==,0.857143, 2022-04-10T18:58:00Z, 179431, 0.014981
QBXq3gAADgABme9SPmYig5MBAaJEC385ivmH7g==,QBXq3gAADgABme9SPmYBg5MJAaJEC385ivmH7g==,QBXq3gAADgABme9SPmYig5MJAaJEC385AfmH7g==,QBXq3gAADgABme9SPmYig5MJLaJECwE5ivmH7g==,0.866667, 2022-04-10T18:58:13Z, 192214, 0.015150
QBXq3gAADwABlTZyzE3lFJR/dZQRU6Vm85mKEw==,QBXq3gAADwABlTZyzE3lFJR/dZQRU6Vm85mKEw==,QBXq3gAADwABlTZyzE3lFJR/dZQRU6Vm85mKEw==,QBXq3gAADwABlTZyzE3lFJR/dZQRU6Vm85mKEw==,0.875000, 2022-04-10T18:58:26Z, 204774, 0.015314
QBXq3gAAEAABlNIBRlELWCIAANGbRVqZcw1G7g==,QBXq3gAAEAABlNIBRlEAWCKOANGbRVqZcw1G7g==,QBXq3gAAEAABlNIBRlELWCKOANGbRVqZAA1G7g==,QBXq3gAAEAABlNIBRlELWCKOodGbRQCZcw1G7g==,0.882353, 2022-04-10T18:58:38Z, 217459, 0.015451
QBXq3gAAEQABi8hOdtgoqkixZcAvC97TspmTLg==,QBXq3gAAEQABi8hOdtgoqkixZcAvC97TspmTLg==,QBXq3gAAEQABi8hOdtgoqkixZcAvC97TspmTLg==,QBXq3gAAEQABi8hOdtgoqkixZcAvC97TspmTLg==,0.888889, 2022-04-10T18:58:51Z, 230116, 0.015575
QBXq3gAAEgABj88jQzaTdZEGBu7dnHBra/lFmg==,QBXq3gAAEgABj88jQzYGdZGEBu7dnHBra/lFmg==,QBXq3gAAEgABj88jQzaTdZGEBu7dnHBrBvlFmg==,QBXq3gAAEgABj88jQzaTdZGE1u7dnAZra/lFmg==,0.894737, 2022-04-10T18:59:04Z, 242815, 0.015683
QBXq3gAAEwABMRxd02eWZwyrgeY7wbROyTBRXQ==,QBXq3gAAEwABMRxd02eWZwyrgeY7wbROyTBRXQ==,QBXq3gAAEwABMRxd02eWZwyrgeY7wbROyTBRXQ==,QBXq3gAAEwABMRxd02eWZwyrgeY7wbROyTBRXQ==,0.900000, 2022-04-10T18:59:16Z, 255452, 0.015784
QBXq3gAAFAABW8ygIUNCROkMDJXUFsTkbTJxwQ==,QBXq3gAAFAABW8ygIUMMROnsDJXUFsTkbTJxwQ==,QBXq3gAAFAABW8ygIUNCROnsDJXUFsTkDDJxwQ==,QBXq3gAAFAABW8ygIUNCROnsq5XUFgzkbTJxwQ==,0.904762, 2022-04-10T18:59:29Z, 268222, 0.015867
QBXq3gAAFQAB7v3thZFtPjcBAWijZJxpHq4WmA==,QBXq3gAAFQAB7v3thZEPPjfnD2ijZJxpHq4WmA==,QBXq3gAAFQAB7v3thZFtPjfnD2ijZJxpD64WmA==,QBXq3gAAFQAB7v3thZFtPjfnmGijZA9pHq4WmA==,0.909091, 2022-04-10T18:59:42Z, 280799, 0.015954
QBXq3gAAFgABPf91rNkW5sgCAoK9ooamoBEFXQ==,QBXq3gAAFgABPf91rNkC5sguAoK9ooamoBEFXQ==,QBXq3gAAFgABPf91rNkW5sguAoK9ooamAhEFXQ==,QBXq3gAAFgABPf91rNkW5sguDIK9ogKmoBEFXQ==,0.913043, 2022-04-10T18:59:54Z, 293469, 0.016029
QBXq3gAAFwABfvVnWmykujVG92hqCGDQkkMgUA==,QBXq3gAAFwABfvVnWmykujVG92hqCGDQkkMgUA==,QBXq3gAAFwABfvVnWmykujVG92hqCGDQkkMgUA==,QBXq3gAAFwABfvVnWmykujVG92hqCGDQkkMgUA==,0.916667, 2022-04-10T19:00:07Z, 306141, 0.016097
QBXq3gAAGAAB0m9KjfscKZsMDFiKaAclYVKt8w==,QBXq3gAAGAAB0m9KjfsMKZvmDFiKaAclYVKt8w==,QBXq3gAAGAAB0m9KjfscKZvmDFiKaAclDFKt8w==,QBXq3gAAGAAB0m9KjfscKZvmJ1iKaAwlYVKt8w==,0.920000, 2022-04-10T19:00:20Z, 318826, 0.016159
QBXq3gAAGQABJHFkMPFvoEqklncxbjmIEeAmzQ==,QBXq3gAAGQABJHFkMPFvoEqklncxbjmIEeAmzQ==,QBXq3gAAGQABJHFkMPFvoEqklncxbjmIEeAmzQ==,QBXq3gAAGQABJHFkMPFvoEqklncxbjmIEeAmzQ==,0.923077, 2022-04-10T19:00:32Z, 331486, 0.016218
QBXq3gAAGgABCHVadsZTcYEAAEPAwDsGmCTZRw==,QBXq3gAAGgABCHVadsYAcYG9AEPAwDsGmCTZRw==,QBXq3gAAGgABCHVadsZTcYG9AEPAwDsGACTZRw==,QBXq3gAAGgABCHVadsZTcYG9PkPAwAAGmCTZRw==,0.925926, 2022-04-10T19:00:45Z, 344168, 0.016271
QBXq3gAAGwABi0jwHXoiY/DiZrh82DwWJO3B0g==,QBXq3gAAGwABi0jwHXoiY/DiZrh82DwWJO3B0g==,QBXq3gAAGwABi0jwHXoiY/DiZrh82DwWJO3B0g==,QBXq3gAAGwABi0jwHXoiY/DiZrh82DwWJO3B0g==,0.928571, 2022-04-10T19:00:58Z, 356825, 0.016322
QBXq3gAAHAAB1OuDfwx4n3kJCUboDXUAuzvbGQ==,QBXq3gAAHAAB1OuDfwwJn3m3CUboDXUAuzvbGQ==,QBXq3gAAHAAB1OuDfwx4n3m3CUboDXUACTvbGQ==,QBXq3gAAHAAB1OuDfwx4n3m3hkboDQkAuzvbGQ==,0.931034, 2022-04-10T19:01:10Z, 369517, 0.016367
QBXq3gAAHQAB9SaOV8lPLLwKHTFtdvMGthi4Mg==,QBXq3gAAHQAB9SaOV8lPLLwKHTFtdvMGthi4Mg==,QBXq3gAAHQAB9SaOV8lPLLwKHTFtdvMGthi4Mg==,QBXq3gAAHQAB9SaOV8lPLLwKHTFtdvMGthi4Mg==,0.933333, 2022-04-10T19:01:23Z, 382171, 0.016412
QBXq3gAAHgABwR7mAGpUxF0CAoNYBwTedYNF4Q==,QBXq3gAAHgABwR7mAGoCxF3pAoNYBwTedYNF4Q==,QBXq3gAAHgABwR7mAGpUxF3pAoNYBwTeAoNF4Q==,QBXq3gAAHgABwR7mAGpUxF3p6INYBwLedYNF4Q==,0.935484, 2022-04-10T19:01:36Z, 394850, 0.016452
QBXq3gAAHwABzwC4XBLTq7yinVzIzmWIhm5NFA==,QBXq3gAAHwABzwC4XBLTq7yinVzIzmWIhm5NFA==,QBXq3gAAHwABzwC4XBLTq7yinVzIzmWIhm5NFA==,QBXq3gAAHwABzwC4XBLTq7yinVzIzmWIhm5NFA==,0.937500, 2022-04-10T19:01:48Z, 407510, 0.016490
QBXq3gAAIAABvB0V4fm87G8ODpTKzbZv1v0sag==,QBXq3gAAIAABvB0V4fkO7G/yDpTKzbZv1v0sag==,QBXq3gAAIAABvB0V4fm87G/yDpTKzbZvDv0sag==,QBXq3gAAIAABvB0V4fm87G/yfZTKzQ5v1v0sag==,0.939394, 2022-04-10T19:02:01Z, 420188, 0.016526
QBXq3gAAIQABbhsX+9OS2bkPD7O8CfaFvfbGag==,QBXq3gAAIQABbhsX+9MP2blYD7O8CfaFvfbGag==,QBXq3gAAIQABbhsX+9OS2blYD7O8CfaFD/bGag==,QBXq3gAAIQABbhsX+9OS2blYnbO8CQ+FvfbGag==,0.911765, 2022-04-10T19:02:14Z, 433074, 0.016034
QBXq3gAAIgABx5GZLvO6APb1E98JPqtv5ceekQ==,QBXq3gAAIgABx5GZLvO6APb1E98JPqtv5ceekQ==,QBXq3gAAIgABx5GZLvO6APb1E98JPqtv5ceekQ==,QBXq3gAAIgABx5GZLvO6APb1E98JPqtv5ceekQ==,0.914286, 2022-04-10T19:02:26Z, 445523, 0.016089
QBXq3gAAIwABLpOVrpJOweYODnsVFvh4x6pqiQ==,QBXq3gAAIwABLpOVrpIOweZHDnsVFvh4x6pqiQ==,QBXq3gAAIwABLpOVrpJOweZHDnsVFvh4DqpqiQ==,QBXq3gAAIwABLpOVrpJOweZHJ3sVFg54x6pqiQ==,0.916667, 2022-04-10T19:02:39Z, 458233, 0.016132
QBXq3gAAJAABSf3J7XlmbswODiGRLwCq+5vZnw==,QBXq3gAAJAABSf3J7XkObsxPDiGRLwCq+5vZnw==,QBXq3gAAJAABSf3J7XlmbsxPDiGRLwCqDpvZnw==,QBXq3gAAJAABSf3J7XlmbsxPdyGRLw6q+5vZnw==,0.918919, 2022-04-10T19:02:52Z, 470885, 0.016174
QBXq3gAAJQABEwfD7GBqj957tCjb54Pt+LPVqg==,QBXq3gAAJQABEwfD7GBqj957tCjb54Pt+LPVqg==,QBXq3gAAJQABEwfD7GBqj957tCjb54Pt+LPVqg==,QBXq3gAAJQABEwfD7GBqj957tCjb54Pt+LPVqg==,0.921053, 2022-04-10T19:03:04Z, 483540, 0.016214
QBXq3gAAJgABKzFGsth3ogmnBAJ/ODOQoTnbSA==,QBXq3gAAJgABKzFGsth3ogmnBAJ/ODOQoTnbSA==,QBXq3gAAJgABKzFGsth3ogmnBAJ/ODOQoTnbSA==,QBXq3gAAJgABKzFGsth3ogmnBAJ/ODOQoTnbSA==,0.923077, 2022-04-10T19:03:17Z, 496210, 0.016251
QBXq3gAAJwABFVGGQAXS2z4ICBlDj1khRMRl6w==,QBXq3gAAJwABFVGGQAUI2z61CBlDj1khRMRl6w==,QBXq3gAAJwABFVGGQAXS2z61CBlDj1khCMRl6w==,QBXq3gAAJwABFVGGQAXS2z61dRlDjwghRMRl6w==,0.925000, 2022-04-10T19:03:30Z, 508882, 0.016287
QBXq3gAAKAABSS4eTr0LI4wEBGk3f+2pyk9UCA==,QBXq3gAAKAABSS4eTr0EI4wIBGk3f+2pyk9UCA==,QBXq3gAAKAABSS4eTr0LI4wIBGk3f+2pBE9UCA==,QBXq3gAAKAABSS4eTr0LI4wIo2k3fwSpyk9UCA==,0.926829, 2022-04-10T19:03:42Z, 521597, 0.016319
QBXq3gAAKQABxE0jRMZ73Gnuy0PkY+xmJZEc6g==,QBXq3gAAKQABxE0jRMZ73Gnuy0PkY+xmJZEc6g==,QBXq3gAAKQABxE0jRMZ73Gnuy0PkY+xmJZEc6g==,QBXq3gAAKQABxE0jRMZ73Gnuy0PkY+xmJZEc6g==,0.928571, 2022-04-10T19:03:55Z, 534234, 0.016352
QBXq3gAAKgABDXnOEVf9cC8DA3h2/2a1UASi/Q==,QBXq3gAAKgABDXnOEVcDcC+qA3h2/2a1UASi/Q==,QBXq3gAAKgABDXnOEVf9cC+qA3h2/2a1AwSi/Q==,QBXq3gAAKgABDXnOEVf9cC+qXnh2/wO1UASi/Q==,0.930233, 2022-04-10T19:04:08Z, 546904, 0.016383
QBXq3gAAKwABcpwrFok6FUfotE1IsvUxddMwbA==,QBXq3gAAKwABcpwrFok6FUfotE1IsvUxddMwbA==,QBXq3gAAKwABcpwrFok6FUfotE1IsvUxddMwbA==,QBXq3gAAKwABcpwrFok6FUfotE1IsvUxddMwbA==,0.931818, 2022-04-10T19:04:20Z, 559575, 0.016412
QBXq3gAALAABq2KqKOyVBWQAAMNHTVK1xLmp+Q==,QBXq3gAALAABq2KqKOwABWQ0AMNHTVK1xLmp+Q==,QBXq3gAALAABq2KqKOyVBWQ0AMNHTVK1ALmp+Q==,QBXq3gAALAABq2KqKOyVBWQ0ssNHTQC1xLmp+Q==,0.933333, 2022-04-10T19:04:33Z, 572251, 0.016440
QBXq3gAALQABEOD5TbK2ym8geweIhK4wlM4YVA==,QBXq3gAALQABEOD5TbK2ym8geweIhK4wlM4YVA==,QBXq3gAALQABEOD5TbK2ym8geweIhK4wlM4YVA==,QBXq3gAALQABEOD5TbK2ym8geweIhK4wlM4YVA==,0.934783, 2022-04-10T19:04:46Z, 584907, 0.016468
QBXq3gAALgABezGozWdAYIYviwjX7yw0qNCZ2Q==,QBXq3gAALgABezGozWdAYIYviwjX7yw0qNCZ2Q==,QBXq3gAALgABezGozWdAYIYviwjX7yw0qNCZ2Q==,QBXq3gAALgABezGozWdAYIYviwjX7yw0qNCZ2Q==,0.936170, 2022-04-10T19:04:58Z, 597582, 0.016493
QBXq3gAALwABwXy/RoVv8huFn5+It+uXrL5pow==,QBXq3gAALwABwXy/RoVv8huFn5+It+uXrL5pow==,QBXq3gAALwABwXy/RoVv8huFn5+It+uXrL5pow==,QBXq3gAALwABwXy/RoVv8huFn5+It+uXrL5pow==,0.937500, 2022-04-10T19:05:11Z, 610257, 0.016518
QBXq3gAAMAABteoR4mOfSSwEBMiHwgWkMoJXWA==,QBXq3gAAMAABteoR4mMESSwzBMiHwgWkMoJXWA==,QBXq3gAAMAABteoR4mOfSSwzBMiHwgWkBIJXWA==,QBXq3gAAMAABteoR4mOfSSwziMiHwgSkMoJXWA==,0.938776, 2022-04-10T19:05:24Z, 622926, 0.016541
QBXq3gAAMQABUB8zHXjvmHkMDGw6ZF4n1DTvKQ==,QBXq3gAAMQABUB8zHXgMmHk6DGw6ZF4n1DTvKQ==,QBXq3gAAMQABUB8zHXjvmHk6DGw6ZF4nDDTvKQ==,QBXq3gAAMQABUB8zHXjvmHk6f2w6ZAwn1DTvKQ==,0.940000, 2022-04-10T19:05:36Z, 635617, 0.016563
QBXq3gAAMgABNdE5hH/uNZRFLq5Qsdx16pVDOg==,QBXq3gAAMgABNdE5hH/uNZRFLq5Qsdx16pVDOg==,QBXq3gAAMgABNdE5hH/uNZRFLq5Qsdx16pVDOg==,QBXq3gAAMgABNdE5hH/uNZRFLq5Qsdx16pVDOg==,0.941176, 2022-04-10T19:05:49Z, 648265, 0.016586
QBXq3gAAMwABiYGD/rg1IQBTMc3wsfOL1mXiNA==,QBXq3gAAMwABiYGD/rg1IQBTMc3wsfOL1mXiNA==,QBXq3gAAMwABiYGD/rg1IQBTMc3wsfOL1mXiNA==,QBXq3gAAMwABiYGD/rg1IQBTMc3wsfOL1mXiNA==,0.942308, 2022-04-10T19:06:02Z, 660933, 0.016607
QBXq3gAANAABr0WED9NHCTcNDTBsSnR6Iwnvrg==,QBXq3gAANAABr0WED9MNCTdHDTBsSnR6Iwnvrg==,QBXq3gAANAABr0WED9NHCTdHDTBsSnR6DQnvrg==,QBXq3gAANAABr0WED9NHCTdHxDBsSg16Iwnvrg==,0.943396, 2022-04-10T19:06:14Z, 673626, 0.016626
QBXq3gAANQAB+l1E96kYoul6D0DtUegVMGLRDw==,QBXq3gAANQAB+l1E96kYoul6D0DtUegVMGLRDw==,QBXq3gAANQAB+l1E96kYoul6D0DtUegVMGLRDw==,QBXq3gAANQAB+l1E96kYoul6D0DtUegVMGLRDw==,0.944444, 2022-04-10T19:06:27Z, 686282, 0.016646
QBXq3gAANgABjKV4KFS0+NgICImrTuwD0Riy7Q==,QBXq3gAANgABjKV4KFQI+NjGCImrTuwD0Riy7Q==,QBXq3gAANgABjKV4KFS0+NjGCImrTuwDCBiy7Q==,QBXq3gAANgABjKV4KFS0+NjGJYmrTggD0Riy7Q==,0.945455, 2022-04-10T19:06:40Z, 698969, 0.016665
QBXq3gAANwABr2SI8I3lD5oMDMe/E9ElM1sNMQ==,QBXq3gAANwABr2SI8I0MD5qRDMe/E9ElM1sNMQ==,QBXq3gAANwABr2SI8I3lD5qRDMe/E9ElDFsNMQ==,QBXq3gAANwABr2SI8I3lD5qRHMe/EwwlM1sNMQ==,0.946429, 2022-04-10T19:06:52Z, 711767, 0.016680
QBXq3gAAOAABAEbJcrsPbI0BAWi/8422630vWg==,QBXq3gAAOAABAEbJcrsBbI3bAWi/8422630vWg==,QBXq3gAAOAABAEbJcrsPbI3bAWi/8422AX0vWg==,QBXq3gAAOAABAEbJcrsPbI3bami/8wG2630vWg==,0.947368, 2022-04-10T19:07:05Z, 724308, 0.016700
QBXq3gAAOQABxQ3+xzgPmwB0+g1Cmkw/epIUlA==,QBXq3gAAOQABxQ3+xzgPmwB0+g1Cmkw/epIUlA==,QBXq3gAAOQABxQ3+xzgPmwB0+g1Cmkw/epIUlA==,QBXq3gAAOQABxQ3+xzgPmwB0+g1Cmkw/epIUlA==,0.948276, 2022-04-10T19:07:18Z, 736964, 0.016717
QBXq3gAAOgAB1HUBYACGbq3FwrphI5emdQ6R+w==,QBXq3gAAOgAB1HUBYACGbq3FwrphI5emdQ6R+w==,QBXq3gAAOgAB1HUBYACGbq3FwrphI5emdQ6R+w==,QBXq3gAAOgAB1HUBYACGbq3FwrphI5emdQ6R+w==,0.949153, 2022-04-10T19:07:30Z, 749650, 0.016733
QBXq3gAAOwABIBuB0NYbcSyYM1t224zq3VOM9A==,QBXq3gAAOwABIBuB0NYbcSyYM1t224zq3VOM9A==,QBXq3gAAOwABIBuB0NYbcSyYM1t224zq3VOM9A==,QBXq3gAAOwABIBuB0NYbcSyYM1t224zq3VOM9A==,0.950000, 2022-04-10T19:07:43Z, 762309, 0.016749
QBXq3gAAPAABa/AJcKjNWYAJCRoUDiAJvhdYKA==,QBXq3gAAPAABa/AJcKgJWYAKCRoUDiAJvhdYKA==,QBXq3gAAPAABa/AJcKjNWYAKCRoUDiAJCRdYKA==,QBXq3gAAPAABa/AJcKjNWYAKbRoUDgkJvhdYKA==,0.950820, 2022-04-10T19:07:56Z, 774996, 0.016764
QBXq3gAAPQABXy9OVwQqn4rOMK2OOd1An1d+0w==,QBXq3gAAPQABXy9OVwQqn4rOMK2OOd1An1d+0w==,QBXq3gAAPQABXy9OVwQqn4rOMK2OOd1An1d+0w==,QBXq3gAAPQABXy9OVwQqn4rOMK2OOd1An1d+0w==,0.951613, 2022-04-10T19:08:08Z, 787653, 0.016779
QBXq3gAAPgAB9Rk7r6uEV6+/FnOFLNsup323dw==,QBXq3gAAPgAB9Rk7r6uEV6+/FnOFLNsup323dw==,QBXq3gAAPgAB9Rk7r6uEV6+/FnOFLNsup323dw==,QBXq3gAAPgAB9Rk7r6uEV6+/FnOFLNsup323dw==,0.952381, 2022-04-10T19:08:21Z, 800323, 0.016793
QBXq3gAAPwABBAAyiwY4fJUPD39SKsO9UhDrWg==,QBXq3gAAPwABBAAyiwYPfJUuD39SKsO9UhDrWg==,QBXq3gAAPwABBAAyiwY4fJUuD39SKsO9DxDrWg==,QBXq3gAAPwABBAAyiwY4fJUuYn9SKg+9UhDrWg==,0.953125, 2022-04-10T19:08:34Z, 813015, 0.016807
QBXq3gAAQAAB6ftS3Yz+tbgFBcCVfm/KkSvfEA==,QBXq3gAAQAAB6ftS3YwFtbh0BcCVfm/KkSvfEA==,QBXq3gAAQAAB6ftS3Yz+tbh0BcCVfm/KBSvfEA==,QBXq3gAAQAAB6ftS3Yz+tbh0q8CVfgXKkSvfEA==,0.953846, 2022-04-10T19:08:46Z, 825673, 0.016820
QBXq3gAAQQABvVZa3gi61noBATLkl9+UhXaxrA==,QBXq3gAAQQABvVZa3ggB1npnATLkl9+UhXaxrA==,QBXq3gAAQQABvVZa3gi61npnATLkl9+UAXaxrA==,QBXq3gAAQQABvVZa3gi61npn4jLklwGUhXaxrA==,0.939394, 2022-04-10T19:08:59Z, 838566, 0.016562
QBXq3gAAQgABc6JxGzmDkscFBdcIyvbJjBtdSg==,QBXq3gAAQgABc6JxGzkFksfCBdcIyvbJjBtdSg==,QBXq3gAAQgABc6JxGzmDksfCBdcIyvbJBRtdSg==,QBXq3gAAQgABc6JxGzmDksfCO9cIygXJjBtdSg==,0.940299, 2022-04-10T19:09:12Z, 851034, 0.016582
QBXq3gAAQwABqvMXy000AsoPB/I34Ss5GUmU0w==,QBXq3gAAQwABqvMXy000AsoPB/I34Ss5GUmU0w==,QBXq3gAAQwABqvMXy000AsoPB/I34Ss5GUmU0w==,QBXq3gAAQwABqvMXy000AsoPB/I34Ss5GUmU0w==,0.941176, 2022-04-10T19:09:24Z, 863683, 0.016599
QBXq3gAARAABsygErIeD/8cBAagSkrafQD63gg==,QBXq3gAARAABsygErIcB/8fGAagSkrafQD63gg==,QBXq3gAARAABsygErIeD/8fGAagSkrafAT63gg==,QBXq3gAARAABsygErIeD/8fGaqgSkgGfQD63gg==,0.942029, 2022-04-10T19:09:37Z, 876362, 0.016614
QBXq3gAARQABcmyyDrIYEFpsr4I9mehHm7plmw==,QBXq3gAARQABcmyyDrIYEFpsr4I9mehHm7plmw==,QBXq3gAARQABcmyyDrIYEFpsr4I9mehHm7plmw==,QBXq3gAARQABcmyyDrIYEFpsr4I9mehHm7plmw==,0.942857, 2022-04-10T19:09:50Z, 889028, 0.016629
QBXq3gAARgABetZD7y8fc84AAKswl5bmHczJLg==,QBXq3gAARgABetZD7y8Ac84AAKswl5bmHczJLg==,QBXq3gAARgABetZD7y8fc84AAKswl5bmAMzJLg==,QBXq3gAARgABetZD7y8fc84ANKswlwDmHczJLg==,0.943662, 2022-04-10T19:10:02Z, 901709, 0.016644
QBXq3gAARwABuzxyJY+9jKJISX/GpYfXz1grng==,QBXq3gAARwABuzxyJY+9jKJISX/GpYfXz1grng==,QBXq3gAARwABuzxyJY+9jKJISX/GpYfXz1grng==,QBXq3gAARwABuzxyJY+9jKJISX/GpYfXz1grng==,0.944444, 2022-04-10T19:10:15Z, 914372, 0.016658
QBXq3gAASAABVOkVtbluCE4ODlLOHCHzyujpXQ==,QBXq3gAASAABVOkVtbkOCE4mDlLOHCHzyujpXQ==,QBXq3gAASAABVOkVtbluCE4mDlLOHCHzDujpXQ==,QBXq3gAASAABVOkVtbluCE4myVLOHA7zyujpXQ==,0.945205, 2022-04-10T19:10:28Z, 927050, 0.016672
QBXq3gAASQAB5JbOXiAOp6aHxUIehOT8MHuCtA==,QBXq3gAASQAB5JbOXiAOp6aHxUIehOT8MHuCtA==,QBXq3gAASQAB5JbOXiAOp6aHxUIehOT8MHuCtA==,QBXq3gAASQAB5JbOXiAOp6aHxUIehOT8MHuCtA==,0.945946, 2022-04-10T19:10:40Z, 939713, 0.016686
QBXq3gAASgABOgXiFSlVtSL94ZUajAstgIo4jw==,QBXq3gAASgABOgXiFSlVtSL94ZUajAstgIo4jw==,QBXq3gAASgABOgXiFSlVtSL94ZUajAstgIo4jw==,QBXq3gAASgABOgXiFSlVtSL94ZUajAstgIo4jw==,0.946667, 2022-04-10T19:10:53Z, 952383, 0.016699
QBXq3gAASwABd5sUSRbMnWfoR/OKse70zsN+QQ==,QBXq3gAASwABd5sUSRbMnWfoR/OKse70zsN+QQ==,QBXq3gAASwABd5sUSRbMnWfoR/OKse70zsN+QQ==,QBXq3gAASwABd5sUSRbMnWfoR/OKse70zsN+QQ==,0.947368, 2022-04-10T19:11:06Z, 965058, 0.016712
QBXq3gAATAABFFe94Skl1bcICF7WOHmWw2mEFQ==,QBXq3gAATAABFFe94SkI1bcgCF7WOHmWw2mEFQ==,QBXq3gAATAABFFe94Skl1bcgCF7WOHmWCGmEFQ==,QBXq3gAATAABFFe94Skl1bcgB17WOAiWw2mEFQ==,0.948052, 2022-04-10T19:11:18Z, 977744, 0.016724
QBXq3gAATQABe2OajTod5ekKCr+xgEmZ62EjRg==,QBXq3gAATQABe2OajToK5em4Cr+xgEmZ62EjRg==,QBXq3gAATQABe2OajTod5em4Cr+xgEmZCmEjRg==,QBXq3gAATQABe2OajTod5em4cr+xgAqZ62EjRg==,0.935897, 2022-04-10T19:11:31Z, 990618, 0.016507
QBXq3gAATgABTNdRMR1G8z4DA4BJiFgsM93p+g==,QBXq3gAATgABTNdRMR0D8z6pA4BJiFgsM93p+g==,QBXq3gAATgABTNdRMR1G8z6pA4BJiFgsA93p+g==,QBXq3gAATgABTNdRMR1G8z6pbYBJiAMsM93p+g==,0.936709, 2022-04-10T19:11:44Z, 1003076, 0.016525
QBXq3gAATwABs2p3HG2UUQXHXPBbEtFqWUtu4g==,QBXq3gAATwABs2p3HG2UUQXHXPBbEtFqWUtu4g==,QBXq3gAATwABs2p3HG2UUQXHXPBbEtFqWUtu4g==,QBXq3gAATwABs2p3HG2UUQXHXPBbEtFqWUtu4g==,0.937500, 2022-04-10T19:11:56Z, 1015746, 0.016540
QBXq3gAAUAAB7dBkBvGz5JsKCu6qxx3TdIuXqQ==,QBXq3gAAUAAB7dBkBvEK5JsMCu6qxx3TdIuXqQ==,QBXq3gAAUAAB7dBkBvGz5JsMCu6qxx3TCouXqQ==,QBXq3gAAUAAB7dBkBvGz5JsMm+6qxwrTdIuXqQ==,0.925926, 2022-04-10T19:12:09Z, 1028637, 0.016332
QBXq3gAAUQABUFsFeVTCF4dXj8/PD2Qr1xHaMQ==,QBXq3gAAUQABUFsFeVTCF4dXj8/PD2Qr1xHaMQ==,QBXq3gAAUQABUFsFeVTCF4dXj8/PD2Qr1xHaMQ==,QBXq3gAAUQABUFsFeVTCF4dXj8/PD2Qr1xHaMQ==,0.926829, 2022-04-10T19:12:22Z, 1041079, 0.016352
QBXq3gAAUgAByF1VQL5qEhao+KmByk3MauyoWA==,QBXq3gAAUgAByF1VQL5qEhao+KmByk3MauyoWA==,QBXq3gAAUgAByF1VQL5qEhao+KmByk3MauyoWA==,QBXq3gAAUgAByF1VQL5qEhao+KmByk3MauyoWA==,0.927711, 2022-04-10T19:12:34Z, 1053760, 0.016368
QBXq3gAAUwAB3h5jZFe+aGMhA/wlGMLMC52YNQ==,QBXq3gAAUwAB3h5jZFe+aGMhA/wlGMLMC52YNQ==,QBXq3gAAUwAB3h5jZFe+aGMhA/wlGMLMC52YNQ==,QBXq3gAAUwAB3h5jZFe+aGMhA/wlGMLMC52YNQ==,0.928571, 2022-04-10T19:12:47Z, 1066426, 0.016384
QBXq3gAAVAABDSheMgZMk90EBJ6j2NvcPd2tTg==,QBXq3gAAVAABDSheMgYEk91zBJ6j2NvcPd2tTg==,QBXq3gAAVAABDSheMgZMk91zBJ6j2NvcBN2tTg==,QBXq3gAAVAABDSheMgZMk91zvJ6j2ATcPd2tTg==,0.929412, 2022-04-10T19:13:00Z, 1079167, 0.016398
QBXq3gAAVQAB15EYJt3L4vpjwlYJzW8p08vFHw==,QBXq3gAAVQAB15EYJt3L4vpjwlYJzW8p08vFHw==,QBXq3gAAVQAB15EYJt3L4vpjwlYJzW8p08vFHw==,QBXq3gAAVQAB15EYJt3L4vpjwlYJzW8p08vFHw==,0.930233, 2022-04-10T19:13:13Z, 1091788, 0.016413
QBXq3gAAVgABaAp1s17U9YZhYxrZizh3viZAGQ==,QBXq3gAAVgABaAp1s17U9YZhYxrZizh3viZAGQ==,QBXq3gAAVgABaAp1s17U9YZhYxrZizh3viZAGQ==,QBXq3gAAVgABaAp1s17U9YZhYxrZizh3viZAGQ==,0.931034, 2022-04-10T19:13:25Z, 1104442, 0.016428
QBXq3gAAVwAB+0ptX4zOViuO7tChrDhbIYkjJA==,QBXq3gAAVwAB+0ptX4zOViuO7tChrDhbIYkjJA==,QBXq3gAAVwAB+0ptX4zOViuO7tChrDhbIYkjJA==,QBXq3gAAVwAB+0ptX4zOViuO7tChrDhbIYkjJA==,0.931818, 2022-04-10T19:13:38Z, 1117111, 0.016442
QBXq3gAAWAABivRX/uPj13IAANlitlMXiRnLJQ==,QBXq3gAAWAABivRX/uMA13K7ANlitlMXiRnLJQ==,QBXq3gAAWAABivRX/uPj13K7ANlitlMXABnLJQ==,QBXq3gAAWAABivRX/uPj13K7sdlitgAXiRnLJQ==,0.932584, 2022-04-10T19:13:51Z, 1129788, 0.016456
QBXq3gAAWQABfqJAtX8tKgZNM65z2Smi0tPurg==,QBXq3gAAWQABfqJAtX8tKgZNM65z2Smi0tPurg==,QBXq3gAAWQABfqJAtX8tKgZNM65z2Smi0tPurg==,QBXq3gAAWQABfqJAtX8tKgZNM65z2Smi0tPurg==,0.933333, 2022-04-10T19:14:03Z, 1142456, 0.016470
QBXq3gAAWgABG9207Xpn4roICEe+O0ClODUHXA==,QBXq3gAAWgABG9207XoI4rqICEe+O0ClODUHXA==,QBXq3gAAWgABG9207Xpn4rqICEe+O0ClCDUHXA==,QBXq3gAAWgABG9207Xpn4rqIJ0e+OwilODUHXA==,0.934066, 2022-04-10T19:14:16Z, 1155130, 0.016483
QBXq3gAAWwAB47/64Xcd86QCAr1HR2C9gJ8nZQ==,QBXq3gAAWwAB47/64XcP86ToD71HR2C9gJ8nZQ==,QBXq3gAAWwAB47/64Xcd86ToD71HR2C9D58nZQ==,QBXq3gAAWwAB47/64Xcd86ToWb1HRw+9gJ8nZQ==,0.923913, 2022-04-10T19:14:29Z, 1168050, 0.016301
QBXq3gAAXAAB85MGm96WtYwEBDfk97MK19VKBQ==,QBXq3gAAXAAB85MGm94EtYzlBDfk97MK19VKBQ==,QBXq3gAAXAAB85MGm96WtYzlBDfk97MKBNVKBQ==,QBXq3gAAXAAB85MGm96WtYzl8zfk9wQK19VKBQ==,0.924731, 2022-04-10T19:14:41Z, 1180542, 0.016318
QBXq3gAAXQABEOFiYzRdqNZVnoy3F7h5hpiTsA==,QBXq3gAAXQABEOFiYzRdqNZVnoy3F7h5hpiTsA==,QBXq3gAAXQABEOFiYzRdqNZVnoy3F7h5hpiTsA==,QBXq3gAAXQABEOFiYzRdqNZVnoy3F7h5hpiTsA==,0.925532, 2022-04-10T19:14:54Z, 1193142, 0.016333
QBXq3gAAXgABp0Bh8n6gL6rVRvx6Ubfr7cJ2Fg==,QBXq3gAAXgABp0Bh8n6gL6rVRvx6Ubfr7cJ2Fg==,QBXq3gAAXgABp0Bh8n6gL6rVRvx6Ubfr7cJ2Fg==,QBXq3gAAXgABp0Bh8n6gL6rVRvx6Ubfr7cJ2Fg==,0.926316, 2022-04-10T19:15:07Z, 1205805, 0.016348
QBXq3gAAXwABBzJqI0nkEiyDtQFnXat4kDL+2g==,QBXq3gAAXwABBzJqI0nkEiyDtQFnXat4kDL+2g==,QBXq3gAAXwABBzJqI0nkEiyDtQFnXat4kDL+2g==,QBXq3gAAXwABBzJqI0nkEiyDtQFnXat4kDL+2g==,0.927083, 2022-04-10T19:15:19Z, 1218500, 0.016361
QBXq3gAAYAABNMaMmcov8bwGBoPkXFJglheNeQ==,QBXq3gAAYAABNMaMmcoG8bwLBoPkXFJglheNeQ==,QBXq3gAAYAABNMaMmcov8bwLBoPkXFJgBheNeQ==,QBXq3gAAYAABNMaMmcov8bwLRIPkXAZglheNeQ==,0.927835, 2022-04-10T19:15:32Z, 1231157, 0.016375
QBXq3gAAYQABpbJgla9PNnk21SNi41Oa4ed/0w==,QBXq3gAAYQABpbJgla9PNnk21SNi41Oa4ed/0w==,QBXq3gAAYQABpbJgla9PNnk21SNi41Oa4ed/0w==,QBXq3gAAYQABpbJgla9PNnk21SNi41Oa4ed/0w==,0.928571, 2022-04-10T19:15:45Z, 1243826, 0.016388
QBXq3gAAYgABewNSAf+Ih0ENDbcYPTmORPwbRA==,QBXq3gAAYgABewNSAf8Nh0FQDbcYPTmORPwbRA==,QBXq3gAAYgABewNSAf+Ih0FQDbcYPTmODfwbRA==,QBXq3gAAYgABewNSAf+Ih0FQCrcYPQ2ORPwbRA==,0.929293, 2022-04-10T19:15:57Z, 1256498, 0.016401
QBXq3gAAYwABJYkgzmeO8pgFBXdAfbSbimhv5A==,QBXq3gAAYwABJYkgzmcF8pgYBXdAfbSbimhv5A==,QBXq3gAAYwABJYkgzmeO8pgYBXdAfbSbBWhv5A==,QBXq3gAAYwABJYkgzmeO8pgYyndAfQWbimhv5A==,0.930000, 2022-04-10T19:16:10Z, 1269192, 0.016414
QBXq3gAAZAABXI1NWkpglhEGBks7Nc+8BiHLiQ==,QBXq3gAAZAABXI1NWkoGlhHNBks7Nc+8BiHLiQ==,QBXq3gAAZAABXI1NWkpglhHNBks7Nc+8BiHLiQ==,QBXq3gAAZAABXI1NWkpglhHNzks7NQa8BiHLiQ==,0.930693, 2022-04-10T19:16:23Z, 1281876, 0.016426
QBXq3gAAZQABnwMeo7WG2MkLwJBh2zcNGw9J9Q==,QBXq3gAAZQABnwMeo7WG2MkLwJBh2zcNGw9J9Q==,QBXq3gAAZQABnwMeo7WG2MkLwJBh2zcNGw9J9Q==,QBXq3gAAZQABnwMeo7WG2MkLwJBh2zcNGw9J9Q==,0.931373, 2022-04-10T19:16:35Z, 1294515, 0.016439
QBXq3gAAZgABttDnu27iye4MDDVyB4Ov3RIYHA==,QBXq3gAAZgABttDnu24Mye5NDDVyB4Ov3RIYHA==,QBXq3gAAZgABttDnu27iye5NDDVyB4OvDBIYHA==,QBXq3gAAZgABttDnu27iye5NyzVyBwyv3RIYHA==,0.932039, 2022-04-10T19:16:48Z, 1307201, 0.016450
QBXq3gAAZwABpgQf+jBQaJOJXbtYvf5P0V88xw==,QBXq3gAAZwABpgQf+jBQaJOJXbtYvf5P0V88xw==,QBXq3gAAZwABpgQf+jBQaJOJXbtYvf5P0V88xw==,QBXq3gAAZwABpgQf+jBQaJOJXbtYvf5P0V88xw==,0.932692, 2022-04-10T19:17:01Z, 1319859, 0.016462
QBXq3gAAaAABsGF+KXmi0XwMDColOjpiQuBNfA==,QBXq3gAAaAABsGF+KXkM0XwPDColOjpiQuBNfA==,QBXq3gAAaAABsGF+KXmi0XwPDColOjpiDOBNfA==,QBXq3gAAaAABsGF+KXmi0XwPtSolOgxiQuBNfA==,0.933333, 2022-04-10T19:17:13Z, 1332534, 0.016474
QBXq3gAAaQABjvfKU+c1JE4KCruAIYQx7K1W+g==,QBXq3gAAaQABjvfKU+cKJE6bCruAIYQx7K1W+g==,QBXq3gAAaQABjvfKU+c1JE6bCruAIYQxCq1W+g==,QBXq3gAAaQABjvfKU+c1JE6bkbuAIQox7K1W+g==,0.933962, 2022-04-10T19:17:26Z, 1345216, 0.016485
QBXq3gAAagABHxzMJwEAFPA110LsC/xQ/03n3A==,QBXq3gAAagABHxzMJwEAFPA110LsC/xQ/03n3A==,QBXq3gAAagABHxzMJwEAFPA110LsC/xQ/03n3A==,QBXq3gAAagABHxzMJwEAFPA110LsC/xQ/03n3A==,0.934579, 2022-04-10T19:17:39Z, 1357869, 0.016496
QBXq3gAAawABgT96B6QKilSWgWOT1aJ7GKhDHA==,QBXq3gAAawABgT96B6QKilSWgWOT1aJ7GKhDHA==,QBXq3gAAawABgT96B6QKilSWgWOT1aJ7GKhDHA==,QBXq3gAAawABgT96B6QKilSWgWOT1aJ7GKhDHA==,0.935185, 2022-04-10T19:17:51Z, 1370602, 0.016507
QBXq3gAAbAABK4XOxyH6tKcFBS1jBemdRrfjJg==,QBXq3gAAbAABK4XOxyEFtKfyBS1jBemdRrfjJg==,QBXq3gAAbAABK4XOxyH6tKfyBS1jBemdBbfjJg==,QBXq3gAAbAABK4XOxyH6tKfyqS1jBQWdRrfjJg==,0.935780, 2022-04-10T19:18:04Z, 1383219, 0.016518
QBXq3gAAbQAB1NLrg53kflpiJ+gz+nvA+WlMVA==,QBXq3gAAbQAB1NLrg53kflpiJ+gz+nvA+WlMVA==,QBXq3gAAbQAB1NLrg53kflpiJ+gz+nvA+WlMVA==,QBXq3gAAbQAB1NLrg53kflpiJ+gz+nvA+WlMVA==,0.936364, 2022-04-10T19:18:17Z, 1395892, 0.016528
QBXq3gAAbgABWvsCf/FL6IoGBnkcMCxU5On4kQ==,QBXq3gAAbgABWvsCf/EG6IrHBnkcMCxU5On4kQ==,QBXq3gAAbgABWvsCf/FL6IrHBnkcMCxUBun4kQ==,QBXq3gAAbgABWvsCf/FL6IrHVHkcMAZU5On4kQ==,0.936937, 2022-04-10T19:18:29Z, 1408647, 0.016538
QBXq3gAAbwAB2w5Xxwj/O9ldTHQFEU4aKeIMQA==,QBXq3gAAbwAB2w5Xxwj/O9ldTHQFEU4aKeIMQA==,QBXq3gAAbwAB2w5Xxwj/O9ldTHQFEU4aKeIMQA==,QBXq3gAAbwAB2w5Xxwj/O9ldTHQFEU4aKeIMQA==,0.937500, 2022-04-10T19:18:42Z, 1421223, 0.016549
QBXq3gAAcAABqBmPWbHpYEgHBy89PvJA4qCV0w==,QBXq3gAAcAABqBmPWbEHYEg1By89PvJA4qCV0w==,QBXq3gAAcAABqBmPWbHpYEg1By89PvJAB6CV0w==,QBXq3gAAcAABqBmPWbHpYEg1oS89PgdA4qCV0w==,0.938053, 2022-04-10T19:18:55Z, 1433976, 0.016558
QBXq3gAAcQAB6sVk55/3fKCMltMeaBr8jc3n7A==,QBXq3gAAcQAB6sVk55/3fKCMltMeaBr8jc3n7A==,QBXq3gAAcQAB6sVk55/3fKCMltMeaBr8jc3n7A==,QBXq3gAAcQAB6sVk55/3fKCMltMeaBr8jc3n7A==,0.938596, 2022-04-10T19:19:07Z, 1446572, 0.016569
QBXq3gAAcgAB5oWSwJ0oNVYHB5JHnspmoC+tQQ==,QBXq3gAAcgAB5oWSwJ0HNVZAB5JHnspmoC+tQQ==,QBXq3gAAcgAB5oWSwJ0oNVZAB5JHnspmBy+tQQ==,QBXq3gAAcgAB5oWSwJ0oNVZA1ZJHngdmoC+tQQ==,0.930435, 2022-04-10T19:19:20Z, 1459465, 0.016422
QBXq3gAAcwABBSqQ4wgnvMXducEOckmlenT3/g==,QBXq3gAAcwABBSqQ4wgnvMXducEOckmlenT3/g==,QBXq3gAAcwABBSqQ4wgnvMXducEOckmlenT3/g==,QBXq3gAAcwABBSqQ4wgnvMXducEOckmlenT3/g==,0.931034, 2022-04-10T19:19:33Z, 1471912, 0.016436
QBXq3gAAdAABIhHOepf62QIAACJuPE7ODlkTWg==,QBXq3gAAdAABIhHOepcA2QLJACJuPE7ODlkTWg==,QBXq3gAAdAABIhHOepf62QLJACJuPE7OAFkTWg==,QBXq3gAAdAABIhHOepf62QLJhCJuPADODlkTWg==,0.931624, 2022-04-10T19:19:45Z, 1484588, 0.016446
QBXq3gAAdQAByEVsDd+s2F4HB9noYRh4alAcKQ==,QBXq3gAAdQAByEVsDd8H2F6cB9noYRh4alAcKQ==,QBXq3gAAdQAByEVsDd+s2F6cB9noYRh4B1AcKQ==,QBXq3gAAdQAByEVsDd+s2F6cL9noYQd4alAcKQ==,0.932203, 2022-04-10T19:19:58Z, 1497300, 0.016456
QBXq3gAAdgAB2noX6pyirlj265ZN5zppLM8Hdg==,QBXq3gAAdgAB2noX6pyirlj265ZN5zppLM8Hdg==,QBXq3gAAdgAB2noX6pyirlj265ZN5zppLM8Hdg==,QBXq3gAAdgAB2noX6pyirlj265ZN5zppLM8Hdg==,0.932773, 2022-04-10T19:20:11Z, 1509939, 0.016467
QBXq3gAAdwABXzdazCB2dXUEBJHsPKUou+xU0A==,QBXq3gAAdwABXzdazCAEdXUJBJHsPKUou+xU0A==,QBXq3gAAdwABXzdazCB2dXUJBJHsPKUoBOxU0A==,QBXq3gAAdwABXzdazCB2dXUJl5HsPAQou+xU0A==,0.925000, 2022-04-10T19:20:24Z, 1522823, 0.016328
QBXq3gAAeAABmmVbogdVm80HB+tdf9VbCbcWbg==,QBXq3gAAeAABmmVbogcHm83AB+tdf9VbCbcWbg==,QBXq3gAAeAABmmVbogdVm83AB+tdf9VbB7cWbg==,QBXq3gAAeAABmmVbogdVm83A6etdfwdbCbcWbg==,0.925620, 2022-04-10T19:20:36Z, 1535276, 0.016341
QBXq3gAAeQAByZWvqtYsiNcCAuPwy32dcwZODQ==,QBXq3gAAeQAByZWvqtYCiNcFAuPwy32dcwZODQ==,QBXq3gAAeQAByZWvqtYsiNcFAuPwy32dAgZODQ==,QBXq3gAAeQAByZWvqtYsiNcFC+PwywKdcwZODQ==,0.926230, 2022-04-10T19:20:49Z, 1548019, 0.016351
QBXq3gAAegABsSs9y12Uv9rzm41RPeXTukdz7Q==,QBXq3gAAegABsSs9y12Uv9rzm41RPeXTukdz7Q==,QBXq3gAAegABsSs9y12Uv9rzm41RPeXTukdz7Q==,QBXq3gAAegABsSs9y12Uv9rzm41RPeXTukdz7Q==,0.926829, 2022-04-10T19:21:01Z, 1560618, 0.016363
QBXq3gAAewABNGre459S5AwOb9RdyZKrtpXYyg==,QBXq3gAAewABNGre459S5AwOb9RdyZKrtpXYyg==,QBXq3gAAewABNGre459S5AwOb9RdyZKrtpXYyg==,QBXq3gAAewABNGre459S5AwOb9RdyZKrtpXYyg==,0.927419, 2022-04-10T19:21:14Z, 1573284, 0.016373
QBXq3gAAfAABBhjBDBL3bWkPD4A789rmq9C+6A==,QBXq3gAAfAABBhjBDBIPbWmBD4A789rmq9C+6A==,QBXq3gAAfAABBhjBDBL3bWmBD4A789rmD9C+6A==,QBXq3gAAfAABBhjBDBL3bWmBuoA78w/mq9C+6A==,0.928000, 2022-04-10T19:21:27Z, 1585966, 0.016384
QBXq3gAAfQABDq7lPIF4AjNIGvI6WSmvpG8OTQ==,QBXq3gAAfQABDq7lPIF4AjNIGvI6WSmvpG8OTQ==,QBXq3gAAfQABDq7lPIF4AjNIGvI6WSmvpG8OTQ==,QBXq3gAAfQABDq7lPIF4AjNIGvI6WSmvpG8OTQ==,0.928571, 2022-04-10T19:21:39Z, 1598641, 0.016394
QBXq3gAAfgABrKkOmzNgSPQJCQIrWroEJweMRw==,QBXq3gAAfgABrKkOmzMJSPRZCQIrWroEJweMRw==,QBXq3gAAfgABrKkOmzNgSPRZCQIrWroECQeMRw==,QBXq3gAAfgABrKkOmzNgSPRZ4AIrWgkEJweMRw==,0.929134, 2022-04-10T19:21:52Z, 1611318, 0.016404
QBXq3gAAfwABUzGS0bLcNdovGcp96EJ1muuFaA==,QBXq3gAAfwABUzGS0bLcNdovGcp96EJ1muuFaA==,QBXq3gAAfwABUzGS0bLcNdovGcp96EJ1muuFaA==,QBXq3gAAfwABUzGS0bLcNdovGcp96EJ1muuFaA==,0.929688, 2022-04-10T19:22:05Z, 1623981, 0.016414
QBXq3gAAgAABtBGJPCz/A54CAm+QoNFUF/RvDA==,QBXq3gAAgAABtBGJPCwCA55JAm+QoNFUF/RvDA==,QBXq3gAAgAABtBGJPCz/A55JAm+QoNFUAvRvDA==,QBXq3gAAgAABtBGJPCz/A55Jgm+QoAJUF/RvDA==,0.930233, 2022-04-10T19:22:17Z, 1636656, 0.016424
QBXq3gAAgQABak/zr9XSz6SOhA6pXkvkhx1G6A==,QBXq3gAAgQABak/zr9XSz6SOhA6pXkvkhx1G6A==,QBXq3gAAgQABak/zr9XSz6SOhA6pXkvkhx1G6A==,QBXq3gAAgQABak/zr9XSz6SOhA6pXkvkhx1G6A==,0.930769, 2022-04-10T19:22:30Z, 1649325, 0.016433
QBXq3gAAggABYjldiH2nJ3QJCZxDZfuH+abfrg==,QBXq3gAAggABYjldiH0JJ3ReCZxDZfuH+abfrg==,QBXq3gAAggABYjldiH2nJ3ReCZxDZfuHCabfrg==,QBXq3gAAggABYjldiH2nJ3Re/pxDZQmH+abfrg==,0.931298, 2022-04-10T19:22:43Z, 1662006, 0.016443
QBXq3gAAgwABN0ThkFWUM+CX1yyS5NMp3sga1w==,QBXq3gAAgwABN0ThkFWUM+CX1yyS5NMp3sga1w==,QBXq3gAAgwABN0ThkFWUM+CX1yyS5NMp3sga1w==,QBXq3gAAgwABN0ThkFWUM+CX1yyS5NMp3sga1w==,0.931818, 2022-04-10T19:22:55Z, 1674653, 0.016452
QBXq3gAAhAABQ1MGQhfc5E0KChB9Sk2sLZlHVQ==,QBXq3gAAhAABQ1MGQhcK5E31ChB9Sk2sLZlHVQ==,QBXq3gAAhAABQ1MGQhfc5E31ChB9Sk2sCplHVQ==,QBXq3gAAhAABQ1MGQhfc5E31UhB9SgqsLZlHVQ==,0.924812, 2022-04-10T19:23:08Z, 1687549, 0.016327
QBXq3gAAhQABDZPqZu5usxILC3q3ZSWQohposw==,QBXq3gAAhQABDZPqZu4LsxLgC3q3ZSWQohposw==,QBXq3gAAhQABDZPqZu5usxLgC3q3ZSWQCxposw==,QBXq3gAAhQABDZPqZu5usxLgSHq3ZQuQohposw==,0.925373, 2022-04-10T19:23:21Z, 1700012, 0.016339
QBXq3gAAhgABp2r1aSf5u8xdXWvnsMWakMxOzQ==,QBXq3gAAhgABp2r1aSf5u8xdXWvnsMWakMxOzQ==,QBXq3gAAhgABp2r1aSf5u8xdXWvnsMWakMxOzQ==,QBXq3gAAhgABp2r1aSf5u8xdXWvnsMWakMxOzQ==,0.925926, 2022-04-10T19:23:33Z, 1712676, 0.016349
QBXq3gAAhwABBcviL8gYNX1wOD+iOxJr7PzZWA==,QBXq3gAAhwABBcviL8gYNX1wOD+iOxJr7PzZWA==,QBXq3gAAhwABBcviL8gYNX1wOD+iOxJr7PzZWA==,QBXq3gAAhwABBcviL8gYNX1wOD+iOxJr7PzZWA==,0.926471, 2022-04-10T19:23:46Z, 1725340, 0.016359
QBXq3gAAiAAB1xiOuyG7u6UDA0BKV5P1jTbGyw==,QBXq3gAAiAAB1xiOuyEDu6UmA0BKV5P1jTbGyw==,QBXq3gAAiAAB1xiOuyG7u6UmA0BKV5P1AzbGyw==,QBXq3gAAiAAB1xiOuyG7u6UmSkBKVwP1jTbGyw==,0.927007, 2022-04-10T19:23:59Z, 1738019, 0.016368
QBXq3gAAiQABogPXvIAMmMI44uukYh9beSDDJg==,QBXq3gAAiQABogPXvIAMmMI44uukYh9beSDDJg==,QBXq3gAAiQABogPXvIAMmMI44uukYh9beSDDJg==,QBXq3gAAiQABogPXvIAMmMI44uukYh9beSDDJg==,0.927536, 2022-04-10T19:24:11Z, 1750686, 0.016378
QBXq3gAAigABxNAMH05JpUgMDCbby8Iczh8kIg==,QBXq3gAAigABxNAMH04MpUjdDCbby8Iczh8kIg==,QBXq3gAAigABxNAMH05JpUjdDCbby8IcDB8kIg==,QBXq3gAAigABxNAMH05JpUjdsSbbywwczh8kIg==,0.928058, 2022-04-10T19:24:24Z, 1763374, 0.016387
QBXq3gAAiwABIl+/0nhBpkaXRx+RSpWwnD3c4A==,QBXq3gAAiwABIl+/0nhBpkaXRx+RSpWwnD3c4A==,QBXq3gAAiwABIl+/0nhBpkaXRx+RSpWwnD3c4A==,QBXq3gAAiwABIl+/0nhBpkaXRx+RSpWwnD3c4A==,0.928571, 2022-04-10T19:24:37Z, 1776032, 0.016396
QBXq3gAAjAABuapTiA98bqIEBBnnHKJhuAp3Rg==,QBXq3gAAjAABuapTiA8EbqLuBBnnHKJhuAp3Rg==,QBXq3gAAjAABuapTiA98bqLuBBnnHKJhBAp3Rg==,QBXq3gAAjAABuapTiA98bqLuwhnnHARhuAp3Rg==,0.929078, 2022-04-10T19:24:49Z, 1788720, 0.016405
QBXq3gAAjQABz9Nna8FAdO7ORF09a19rlivsWQ==,QBXq3gAAjQABz9Nna8FAdO7ORF09a19rlivsWQ==,QBXq3gAAjQABz9Nna8FAdO7ORF09a19rlivsWQ==,QBXq3gAAjQABz9Nna8FAdO7ORF09a19rlivsWQ==,0.929577, 2022-04-10T19:25:02Z, 1801374, 0.016414
QBXq3gAAjgABaAVa2Ux5XaUbdq7tXS5UsXg3Bw==,QBXq3gAAjgABaAVa2Ux5XaUbdq7tXS5UsXg3Bw==,QBXq3gAAjgABaAVa2Ux5XaUbdq7tXS5UsXg3Bw==,QBXq3gAAjgABaAVa2Ux5XaUbdq7tXS5UsXg3Bw==,0.930070, 2022-04-10T19:25:15Z, 1814041, 0.016423
QBXq3gAAjwABxW0dYAGy9JsDAwiI7/p6TWhkzA==,QBXq3gAAjwABxW0dYAED9JuDAwiI7/p6TWhkzA==,QBXq3gAAjwABxW0dYAGy9JuDAwiI7/p6A2hkzA==,QBXq3gAAjwABxW0dYAGy9JuD2giI7wN6TWhkzA==,0.930556, 2022-04-10T19:25:27Z, 1826755, 0.016431
QBXq3gAAkAABxuDGe3D8kWEEBHwyVBiCyRGRgQ==,QBXq3gAAkAABxuDGe3AEkWHeBHwyVBiCyRGRgQ==,QBXq3gAAkAABxuDGe3D8kWHeBHwyVBiCBBGRgQ==,QBXq3gAAkAABxuDGe3D8kWHefnwyVASCyRGRgQ==,0.931034, 2022-04-10T19:25:40Z, 1839397, 0.016440
QBXq3gAAkQABfgXqO3tTLUCIRDwkEsW9piSUKQ==,QBXq3gAAkQABfgXqO3tTLUCIRDwkEsW9piSUKQ==,QBXq3gAAkQABfgXqO3tTLUCIRDwkEsW9piSUKQ==,QBXq3gAAkQABfgXqO3tTLUCIRDwkEsW9piSUKQ==,0.931507, 2022-04-10T19:25:53Z, 1852063, 0.016449
QBXq3gAAkgABC/daBoTXaSrorw3xDaqbgAcbAg==,QBXq3gAAkgABC/daBoTXaSrorw3xDaqbgAcbAg==,QBXq3gAAkgABC/daBoTXaSrorw3xDaqbgAcbAg==,QBXq3gAAkgABC/daBoTXaSrorw3xDaqbgAcbAg==,0.931973, 2022-04-10T19:26:05Z, 1864737, 0.016457
QBXq3gAAkwABAkhQjPT8fs8HB6kWM1enGjPAIg==,QBXq3gAAkwABAkhQjPQHfs9IB6kWM1enGjPAIg==,QBXq3gAAkwABAkhQjPT8fs9IB6kWM1enBzPAIg==,QBXq3gAAkwABAkhQjPT8fs9IfqkWMwenGjPAIg==,0.932432, 2022-04-10T19:26:18Z, 1877405, 0.016465
QBXq3gAAlAABTKwLNckxlY8FBT2NxV6V37iIPQ==,QBXq3gAAlAABTKwLNckFlY84BT2NxV6V37iIPQ==,QBXq3gAAlAABTKwLNckxlY84BT2NxV6VBbiIPQ==,QBXq3gAAlAABTKwLNckxlY84Oz2NxQWV37iIPQ==,0.926174, 2022-04-10T19:26:31Z, 1890296, 0.016353
QBXq3gAAlQABpbLC6NlOy4GF6koP42BpzGSDFA==,QBXq3gAAlQABpbLC6NlOy4GF6koP42BpzGSDFA==,QBXq3gAAlQABpbLC6NlOy4GF6koP42BpzGSDFA==,QBXq3gAAlQABpbLC6NlOy4GF6koP42BpzGSDFA==,0.926667, 2022-04-10T19:26:43Z, 1902749, 0.016364
QBXq3gAAlgABkCknIkyiGCMBAUixtC2nQXgUKw==,QBXq3gAAlgABkCknIkwBGCN8AUixtC2nQXgUKw==,QBXq3gAAlgABkCknIkyiGCN8AUixtC2nAXgUKw==,QBXq3gAAlgABkCknIkyiGCN800ixtAGnQXgUKw==,0.927152, 2022-04-10T19:26:56Z, 1915422, 0.016372
QBXq3gAAlwABg7JMIu6YKOujzVg/LqK72ftHiw==,QBXq3gAAlwABg7JMIu6YKOujzVg/LqK72ftHiw==,QBXq3gAAlwABg7JMIu6YKOujzVg/LqK72ftHiw==,QBXq3gAAlwABg7JMIu6YKOujzVg/LqK72ftHiw==,0.927632, 2022-04-10T19:27:09Z, 1928091, 0.016381
QBXq3gAAmAABUSFfEcxTBnYFBbtmX1mJ8PdjZw==,QBXq3gAAmAABUSFfEcwFBnZgBbtmX1mJ8PdjZw==,QBXq3gAAmAABUSFfEcxTBnZgBbtmX1mJBfdjZw==,QBXq3gAAmAABUSFfEcxTBnZgo7tmXwWJ8PdjZw==,0.921569, 2022-04-10T19:27:22Z, 1940982, 0.016272
QBXq3gAAmQABgIWOmsQD0YKCdzoqJtNVyzI9wg==,QBXq3gAAmQABgIWOmsQD0YKCdzoqJtNVyzI9wg==,QBXq3gAAmQABgIWOmsQD0YKCdzoqJtNVyzI9wg==,QBXq3gAAmQABgIWOmsQD0YKCdzoqJtNVyzI9wg==,0.922078, 2022-04-10T19:27:34Z, 1953433, 0.016283
QBXq3gAAmgAB6cyPz+/97JUBAQimlISB4wnkwg==,QBXq3gAAmgAB6cyPz+8B7JVWAQimlISB4wnkwg==,QBXq3gAAmgAB6cyPz+/97JVWAQimlISBAQnkwg==,QBXq3gAAmgAB6cyPz+/97JVWRwimlAGB4wnkwg==,0.922581, 2022-04-10T19:27:47Z, 1966117, 0.016292
QBXq3gAAmwABbiUpp478Pid+OflYRyiOMIdySw==,QBXq3gAAmwABbiUpp478Pid+OflYRyiOMIdySw==,QBXq3gAAmwABbiUpp478Pid+OflYRyiOMIdySw==,QBXq3gAAmwABbiUpp478Pid+OflYRyiOMIdySw==,0.923077, 2022-04-10T19:27:59Z, 1978772, 0.016301
QBXq3gAAnAAB+H0K65dd6cUEBG7r8ghIfrbnLQ==,QBXq3gAAnAAB+H0K65cE6cWFBG7r8ghIfrbnLQ==,QBXq3gAAnAAB+H0K65dd6cWFBG7r8ghIBLbnLQ==,QBXq3gAAnAAB+H0K65dd6cWFXm7r8gRIfrbnLQ==,0.917197, 2022-04-10T19:28:12Z, 1991668, 0.016195
QBXq3gAAnQABMrJphJ3cbSglE9ZScL/2zJseJA==,QBXq3gAAnQABMrJphJ3cbSglE9ZScL/2zJseJA==,QBXq3gAAnQABMrJphJ3cbSglE9ZScL/2zJseJA==,QBXq3gAAnQABMrJphJ3cbSglE9ZScL/2zJseJA==,0.917722, 2022-04-10T19:28:25Z, 2004119, 0.016207
QBXq3gAAngAB3HUjeBWi1HWgmvRh7wYZuqoiQA==,QBXq3gAAngAB3HUjeBWi1HWgmvRh7wYZuqoiQA==,QBXq3gAAngAB3HUjeBWi1HWgmvRh7wYZuqoiQA==,QBXq3gAAngAB3HUjeBWi1HWgmvRh7wYZuqoiQA==,0.918239, 2022-04-10T19:28:38Z, 2016795, 0.016216
QBXq3gAAnwABOrKj4KEQEUkSVJxsL1cEtJJ0qA==,QBXq3gAAnwABOrKj4KEQEUkSVJxsL1cEtJJ0qA==,QBXq3gAAnwABOrKj4KEQEUkSVJxsL1cEtJJ0qA==,QBXq3gAAnwABOrKj4KEQEUkSVJxsL1cEtJJ0qA==,0.918750, 2022-04-10T19:28:50Z, 2029461, 0.016225
QBXq3gAAoAABe2mmFStB5LcPD6xaeS8JFscjMg==,QBXq3gAAoAABe2mmFSsP5LcmD6xaeS8JFscjMg==,QBXq3gAAoAABe2mmFStB5LcmD6xaeS8JD8cjMg==,QBXq3gAAoAABe2mmFStB5LcmYKxaeQ8JFscjMg==,0.919255, 2022-04-10T19:29:03Z, 2042139, 0.016234
QBXq3gAAoQAB2SGgYSAtwssPDwK+APSultNfxA==,QBXq3gAAoQAB2SGgYSAPwsvrDwK+APSultNfxA==,QBXq3gAAoQAB2SGgYSAtwsvrDwK+APSuD9NfxA==,QBXq3gAAoQAB2SGgYSAtwsvrRAK+AAqultNfxA==,0.913580, 2022-04-10T19:29:16Z, 2055026, 0.016132
QBXq3gAAogAB8vbTAblaymwICEVfosQbSbvhVQ==,QBXq3gAAogAB8vbTAbkIymzACEVfosQbSbvhVQ==,QBXq3gAAogAB8vbTAblaymzACEVfosQbCLvhVQ==,QBXq3gAAogAB8vbTAblaymzA20VfoggbSbvhVQ==,0.914110, 2022-04-10T19:29:28Z, 2067483, 0.016143
QBXq3gAAowABxbISfx5AxMnb3m+YN36oIKlI9A==,QBXq3gAAowABxbISfx5AxMnb3m+YN36oIKlI9A==,QBXq3gAAowABxbISfx5AxMnb3m+YN36oIKlI9A==,QBXq3gAAowABxbISfx5AxMnb3m+YN36oIKlI9A==,0.914634, 2022-04-10T19:29:41Z, 2080153, 0.016153
QBXq3gAApAABqQrXgpmybsoFBbD4UrFMYHOrlA==,QBXq3gAApAABqQrXgpkFbsoGBbD4UrFMYHOrlA==,QBXq3gAApAABqQrXgpmybsoGBbD4UrFMBXOrlA==,QBXq3gAApAABqQrXgpmybsoGDbD4UgVMYHOrlA==,0.915152, 2022-04-10T19:29:54Z, 2092830, 0.016162
QBXq3gAApQABk7WF7UTphgYNDe/PZwy6OOukmA==,RBGqngAABQABk7WF7UTphgb7vO/PZwy6OOukmA==,QBXq3gAApQABk7WF7UTphgb7De/PZwy6DeukmA==,QBXq3gAApQABk7WF7UTphgb7vO/PZw26OOukmA==,0.909639, 2022-04-10T19:30:06Z, 2105499, 0.016065
QBXq3gAApgABj8XzekmS3PlpTZVcfZglwXAvFw==,QBXq3gAApgABj8XzekmS3PlpTZVcfZglwXAvFw==,QBXq3gAApgABj8XzekmS3PlpTZVcfZglwXAvFw==,QBXq3gAApgABj8XzekmS3PlpTZVcfZglwXAvFw==,0.910180, 2022-04-10T19:30:19Z, 2118175, 0.016074
QBXq3gAApwABzRynKo3G/qSWKtYX2VvgSiGLHQ==,QBXq3gAApwABzRynKo3G/qSWKtYX2VvgSiGLHQ==,QBXq3gAApwABzRynKo3G/qSWKtYX2VvgSiGLHQ==,QBXq3gAApwABzRynKo3G/qSWKtYX2VvgSiGLHQ==,0.910714, 2022-04-10T19:30:32Z, 2130836, 0.016084
QBXq3gAAqAABtgv97LZ6CPkDA2nywi+dyZWH1w==,QBXq3gAAqAABtgv97LYDCPm6A2nywi+dyZWH1w==,QBXq3gAAqAABtgv97LZ6CPm6A2nywi+dA5WH1w==,QBXq3gAAqAABtgv97LZ6CPm6oGnywgOdyZWH1w==,0.911243, 2022-04-10T19:30:44Z, 2143519, 0.016093
QBXq3gAAqQAB5FjZLA61n3IFBc4Bo3r3vfcIpQ==,QBXq3gAAqQAB5FjZLA4Fn3LqBc4Bo3r3vfcIpQ==,QBXq3gAAqQAB5FjZLA61n3LqBc4Bo3r3BfcIpQ==,QBXq3gAAqQAB5FjZLA61n3Lq+M4BowX3vfcIpQ==,0.905882, 2022-04-10T19:30:57Z, 2156403, 0.015997
QBXq3gAAqgABw/UH1ODRCgJ/jeaCtg1qjt+mZA==,QBXq3gAAqgABw/UH1ODRCgJ/jeaCtg1qjt+mZA==,QBXq3gAAqgABw/UH1ODRCgJ/jeaCtg1qjt+mZA==,QBXq3gAAqgABw/UH1ODRCgJ/jeaCtg1qjt+mZA==,0.906433, 2022-04-10T19:31:10Z, 2168858, 0.016008
QBXq3gAAqwABRjaFby3T0ILydhyNrjuGIPBHjQ==,QBXq3gAAqwABRjaFby3T0ILydhyNrjuGIPBHjQ==,QBXq3gAAqwABRjaFby3T0ILydhyNrjuGIPBHjQ==,QBXq3gAAqwABRjaFby3T0ILydhyNrjuGIPBHjQ==,0.906977, 2022-04-10T19:31:22Z, 2181534, 0.016018
QBXq3gAArAABlhkke6u87EIAAHhipW8j2BQA6w==,QBXq3gAArAABlhkke6sA7ELJAHhipW8j2BQA6w==,QBXq3gAArAABlhkke6u87ELJAHhipW8jABQA6w==,QBXq3gAArAABlhkke6u87ELJ73hipQAj2BQA6w==,0.907514, 2022-04-10T19:31:35Z, 2194232, 0.016027
QBXq3gAArQAB/rndqLN1mULjPb8Wt82Hx851aQ==,QBXq3gAArQAB/rndqLN1mULjPb8Wt82Hx851aQ==,QBXq3gAArQAB/rndqLN1mULjPb8Wt82Hx851aQ==,QBXq3gAArQAB/rndqLN1mULjPb8Wt82Hx851aQ==,0.908046, 2022-04-10T19:31:48Z, 2206874, 0.016037
QBXq3gAArgABbpaFfdmdZ5ECAkqvHYfmStvZWg==,QBXq3gAArgABbpaFfdkCZ5FCAkqvHYfmStvZWg==,QBXq3gAArgABbpaFfdmdZ5FCAkqvHYfmAtvZWg==,QBXq3gAArgABbpaFfdmdZ5FCHEqvHQLmStvZWg==,0.908571, 2022-04-10T19:32:00Z, 2219543, 0.016047
QBXq3gAArwABDi2LhzFQPM4FBRJtCWb2hZZTqw==,QBXq3gAArwABDi2LhzEFPM7VBRJtCWb2hZZTqw==,QBXq3gAArwABDi2LhzFQPM7VBRJtCWb2BZZTqw==,QBXq3gAArwABDi2LhzFQPM7V6BJtCQX2hZZTqw==,0.909091, 2022-04-10T19:32:13Z, 2232212, 0.016056
QBXq3gAAsAABM/2y0YeTdH4JCXgNj1cWiILe3Q==,QBXq3gAAsAABM/2y0YcJdH7VCXgNj1cWiILe3Q==,QBXq3gAAsAABM/2y0YeTdH7VCXgNj1cWCYLe3Q==,QBXq3gAAsAABM/2y0YeTdH7VR3gNjwkWiILe3Q==,0.903955, 2022-04-10T19:32:26Z, 2245103, 0.015964
QBXq3gAAsQABTaz0st6+s61y4VBKOOp7QZ8XGw==,QBXq3gAAsQABTaz0st6+s61y4VBKOOp7QZ8XGw==,QBXq3gAAsQABTaz0st6+s61y4VBKOOp7QZ8XGw==,QBXq3gAAsQABTaz0st6+s61y4VBKOOp7QZ8XGw==,0.904494, 2022-04-10T19:32:38Z, 2257555, 0.015975
QBXq3gAAsgABAhq5qFXGB19Rs7/EW9DFcskmMQ==,QBXq3gAAsgABAhq5qFXGB19Rs7/EW9DFcskmMQ==,QBXq3gAAsgABAhq5qFXGB19Rs7/EW9DFcskmMQ==,QBXq3gAAsgABAhq5qFXGB19Rs7/EW9DFcskmMQ==,0.905028, 2022-04-10T19:32:51Z, 2270226, 0.015984
QBXq3gAAswABsgthGq3oNO0QvmnMN4DYOPIMyA==,QBXq3gAAswABsgthGq3oNO0QvmnMN4DYOPIMyA==,QBXq3gAAswABsgthGq3oNO0QvmnMN4DYOPIMyA==,QBXq3gAAswABsgthGq3oNO0QvmnMN4DYOPIMyA==,0.905556, 2022-04-10T19:33:04Z, 2282902, 0.015994
QBXq3gAAtAAB1ohuGJhBzLkHB5cN9rfLzGXuOg==,QBXq3gAAtAAB1ohuGJgHzLlNB5cN9rfLzGXuOg==,QBXq3gAAtAAB1ohuGJhBzLlNB5cN9rfLB2XuOg==,QBXq3gAAtAAB1ohuGJhBzLlNRZcN9gfLzGXuOg==,0.906077, 2022-04-10T19:33:16Z, 2295579, 0.016003
QBXq3gAAtQABNLGlW+L/Kf0v+YObMpM1ul4+Wg==,QBXq3gAAtQABNLGlW+L/Kf0v+YObMpM1ul4+Wg==,QBXq3gAAtQABNLGlW+L/Kf0v+YObMpM1ul4+Wg==,QBXq3gAAtQABNLGlW+L/Kf0v+YObMpM1ul4+Wg==,0.906593, 2022-04-10T19:33:29Z, 2308243, 0.016012
QBXq3gAAtwAB8kgzlBf+0SP4QmiOYgHEuBbHlQ==,QBXq3gAAtwAB8kgzlBf+0SP4QmiOYgHEuBbHlQ==,QBXq3gAAtwAB8kgzlBf+0SP4QmiOYgHEuBbHlQ==,QBXq3gAAtwAB8kgzlBf+0SP4QmiOYgHEuBbHlQ==,0.907104, 2022-04-10T19:33:54Z, 2333585, 0.015934
